T_1a-lh,T_1b-lh,T_2a-LH,T_sat.lh,S.H_lh coil,D_coil lh,H_coil lh,S_coil lh,T_1a-ctr,T_1b-ctr,T_2a-ctr,T_sat.ctr,S.H_ctr coil,D_coil ctr,H_coil ctr,S_coil ctr,T_1a-rh,T_1c-rh,T_2a-RH,T_sat.rh,S.H_rh coil,D_coil rh,H_coil rh,S_coil rh,P_suction,T_2b,T_sat.comp.in,S.H_total,D_comp.in,H_comp.in,S_comp.in,T_3a,rpm,T_3b,P_disch,T_4a,T_sat.cond,S.C,T_waterin,T_waterout,T_4b-lh,T_sat.txv.lh,S.C-txv.lh,H_txv.lh,T_4b-ctr,T_sat.txv.ctr,S.C-txv.ctr,H_txv.ctr,T_4b-rh,T_sat.txv.rh,S.C-txv.rh,H_txv.rh,m_dot,qc
,27.50958633333333,44.476044,11.054703360138536,33.42134063986147,6.634945122625495,592.6422974973289,2.5008104434219267,,24.732326,39.970861,11.054703360138536,28.91615763986159,6.709849117987876,588.4340235025907,2.485717755779207,,24.052952,39.728969,11.054703360138536,28.674265639861506,6.713929897060191,588.2085515745227,2.4849052767112574,32.722393,46.941684,11.054703360138536,35.88698063986156,6.594811375932702,594.952756845038,2.5090395790725277,134.849808,,137.568883,144.922131,85.038709,87.45072928605002,2.412020286050017,80.088236,86.192322,74.318944,87.45072928605002,13.1317852860499,261.0787650481571,71.625451,87.45072928605002,15.82527828605006,257.0554156338918,68.920488,87.45072928605002,18.530241286049943,253.03943601899664,148.32841957320105,21546.33617157516
,28.041398666666666,45.18551166666666,12.55169420837574,32.633817458291034,6.824707491949564,592.9654473295828,2.497077890338456,,25.061889,39.776774,12.55169420837574,27.225079791624342,6.9178872472241935,587.9012498697962,2.478924780703644,,24.639299,39.728062,12.55169420837574,27.17636779162431,6.918740779750072,587.8557490463993,2.4787607883012206,34.058845,47.152372,12.55169420837574,34.60067779162431,6.7915841562124015,594.8130592900822,2.5036525201828903,136.899258,,140.612103,156.444235,92.64204,92.62286589401722,-0.019174105982801847,84.295615,91.780752,85.838878,92.62286589401722,6.7839878940171845,278.5702260933922,79.405193,92.62286589401722,13.217672894017175,268.74445388884146,79.569282,92.62286589401722,13.053583894017141,268.9931117632177,1350.9045594778008,187415.34975871243
,28.684136666666664,45.55777633333333,19.69841607851705,25.859360254816362,7.852645061350827,591.5635198350271,2.469354050037757,,26.086815,39.726141,19.69841607851705,20.027724921483003,7.9725949477890925,586.0415434168658,2.4495662927878348,,25.847914,39.770907,19.69841607851705,20.07249092148304,7.971656356879096,586.0838414762427,2.449718743094045,40.833303,47.43772,19.69841607851705,27.73930392148309,7.814942842417838,593.3488991343324,2.475703101266257,135.618552,,138.965513,112.41562,79.740782,71.20935145756945,-8.53143054243061,75.906716,87.042084,76.890938,71.20935145756945,-5.68158654243066,603.9267469741465,76.93285,71.20935145756945,-5.723498542430605,603.9724898263886,75.846278,71.20935145756945,-4.636926542430615,602.7862620598949,1701.968861932163,-7472.562790602859
,27.735648166666664,45.09507633333334,13.241501644772722,31.85357468856059,6.920802265599393,592.7203228916944,2.4939671218975437,,24.852217,39.597944,13.241501644772722,26.35644235522733,7.017220882130319,587.5688070247047,2.4754960540976088,,24.32068,39.831247,13.241501644772722,26.58974535522741,7.013060958448412,587.7869483059649,2.4762823304744503,34.684122,47.271314,13.241501644772722,34.029812355227364,6.8835283259163305,594.7666083288022,2.5012485168477707,134.236131,,137.190459,122.59417,83.338687,76.59324945938837,-6.745437540611635,78.88833,85.348878,71.278227,76.59324945938837,5.315022459388342,256.52071567134254,70.854555,76.59324945938837,5.73869445938841,255.88955378978085,69.422342,76.59324945938837,7.170907459388275,253.76039357218733,1068.6887401092765,155919.45245533885
,27.9963175,44.91886466666667,9.758902848945603,35.159961817721104,6.457354813439263,593.3455684565398,2.5075847208668565,,24.905819,39.942109,9.758902848945603,30.18320615105447,6.537388567085756,588.7042091844739,2.4909456541636565,,24.42285,39.744089,9.758902848945603,29.985186151054428,6.540623423588682,588.5199705586352,2.490281748593291,31.587984,47.152915,9.758902848945603,37.394012151054405,6.422199049652938,595.4360612800583,2.515025587893086,136.742763,,140.679751,155.30755,92.810961,92.12416213334197,-0.6867988666581482,85.191969,91.565373,85.721234,92.12416213334197,6.402928133341891,278.3901803080558,78.850458,92.12416213334197,13.273704133341937,267.9045485456861,78.709277,92.12416213334197,13.414885133341897,267.69094997624023,1161.2245060888959,161797.8404676517
,28.462820500000003,44.84944466666667,14.869180824938496,29.98026384172821,7.152802501125118,592.1033195583705,2.4865259135845075,,25.917935,39.702861,14.869180824938496,24.833680175061602,7.246841371858881,587.268893939693,2.469189372034387,,25.619537,39.889554,14.869180824938496,25.020373175061525,7.243376049319953,587.4439025714247,2.4698200764435327,36.183418,47.209408,14.869180824938496,32.340227175061514,7.11068637635023,594.3272230926057,2.4944417430988475,136.133322,,139.628071,85.581341,82.982233,55.30962231779263,-27.672610682207345,77.279532,88.454677,78.85804,55.30962231779263,-23.548417682207422,613.1778486420294,78.372646,55.30962231779263,-23.06302368220736,612.6738740711044,77.553261,55.30962231779263,-22.243638682207404,611.8232765427205,1855.386761559553,-14541.694279436751
,27.899325666666666,44.75265733333333,10.989552455419414,33.763104877913975,6.621753815568314,592.9159240356328,2.5020007357950105,,25.394724,39.977365,10.989552455419414,28.987812544580663,6.700952601442527,588.455175782746,2.4860070703400394,,24.744817,39.792772,10.989552455419414,28.803219544580656,6.704061009503561,588.2831240372572,2.4853871323924976,32.664862,47.14479,10.989552455419414,36.15523754458061,6.5829349809375035,595.1578031063716,2.5099818214286747,134.248295,,137.087605,130.903049,80.02182,80.77511898132477,0.7532989813247468,76.901743,84.192954,71.354396,80.77511898132477,9.42072298132473,256.640587434532,72.099338,80.77511898132477,8.675780981324715,257.7513375079733,71.012678,80.77511898132477,9.76244098132472,256.13169474105143,172.7217461034556,25121.04885182791
,27.56017183333333,44.59556766666666,9.513638803043978,35.08192886362282,6.43063174906625,593.0974320464352,2.507510199156813,,24.475856,39.783068,9.513638803043978,30.26942919695607,6.507668242759005,588.6117493026184,2.491421502795359,,23.791685,39.74419,9.513638803043978,30.23055119695607,6.508299803188001,588.5755920041195,2.4912911889087144,31.375589,47.065943,9.513638803043978,37.55230419695607,6.391943139417609,595.4078785496214,2.5157373046163696,135.756453,,139.522785,144.554377,90.983739,87.2812093532959,-3.702529646704079,84.069865,89.847663,82.922769,87.2812093532959,4.35844035329593,274.10370479201265,76.884969,87.2812093532959,10.396240353295923,264.9350315742098,75.691036,87.2812093532959,11.590173353295791,263.137794866126,1051.3519649594948,148255.29348531604
,28.373334166666666,44.88869233333333,-4.809286397541932,49.69797873087535,4.782297450949269,596.1551140142843,2.567896916795741,,25.725315,39.874824,-4.809286397541932,44.6841103975419,4.83863518398105,591.5583183011736,2.5514160203501213,,25.494243,39.787211,-4.809286397541932,44.59649739754196,4.839633439479467,591.4782179112605,2.5511273708840325,20.193913,47.210614,-4.809286397541932,52.019900397542074,4.756721155586401,598.2925549849059,2.575504682613068,137.022848,,140.534745,104.798915,87.615229,66.96956524110487,-20.64566375889523,79.797426,90.596392,82.245701,66.96956524110487,-15.276135758895169,611.8065505148644,80.08116,66.96956524110487,-13.111594758895126,609.4831370551747,79.856391,66.96956524110487,-12.886825758895156,609.2418236902062,1883.6304129594635,-9623.83730210262
,28.12111283333333,45.241972,5.832778904981399,39.409193095018566,5.95906702308105,594.4825668463078,2.5247669482189607,,25.495774,39.644575,5.832778904981399,33.81179609501866,6.04076548101203,589.2889295585372,2.506148447202286,,24.944952,39.896483,5.832778904981399,34.06370409501859,6.0370304634135605,589.5220606340274,2.5069886592318475,28.275407,47.31851,5.832778904981399,41.48573109501873,5.9294295758213815,596.4166142185078,2.5316476400468506,134.451328,,136.899575,102.980766,76.503665,65.92827397737793,-10.575391022622204,74.711039,83.707721,72.682441,65.92827397737793,-6.754167022622153,602.0472701401693,73.131757,65.92827397737793,-7.20348302262214,602.5287876987768,71.776223,65.92827397737793,-5.847949022622129,601.0758817980511,1343.651903798333,-3158.1469761188864
,27.582496833333334,45.07653133333334,10.463948487689457,34.61258284564385,6.547028043477272,593.3368107035832,2.505228746907549,,24.284763,39.638071,10.463948487689457,29.174122512310646,6.636065757975321,588.2603010382347,2.487027015713921,,23.682171,39.857675,10.463948487689457,29.393726512310696,6.632412731761258,588.4648069138985,2.487764095020431,32.202651,47.192006,10.463948487689457,36.72805751231063,6.513176939272475,595.3183637554564,2.512280483035534,135.797938,,138.668375,152.831481,88.856758,91.02931770697883,2.172559706978768,82.692453,88.315389,80.33421,91.02931770697883,10.69510770697874,270.1542967321941,74.765914,91.02931770697883,16.26340370697873,261.7525040529898,71.952697,91.02931770697883,19.07662070697886,257.5491172650669,138.98654994012074,19847.04743543027
,28.356106333333333,45.260131,7.86080384686128,37.39932715313878,6.209401167931242,594.0752810033428,2.5164949461111368,,25.46172,39.7146,7.86080384686128,31.853796153138852,6.294470291362096,588.9162271932006,2.498002045393644,,25.07896,39.909068,7.86080384686128,32.04826415313876,6.29143908837196,589.0966865551235,2.4986523730563257,29.963345,47.26859,7.86080384686128,39.40778615313883,6.179273383078352,595.950539408904,2.5231666957438175,137.499678,,141.008482,126.112959,90.230402,78.38630274128909,-11.844099258710969,81.440072,91.412403,83.758614,78.38630274128909,-5.372311258710999,607.607607067434,80.360552,78.38630274128909,-1.9742492587110747,603.7976102438525,80.571159,78.38630274128909,-2.1848562587110223,604.034092664354,1767.622201306567,-6987.969532729162
,28.445773,45.281044333333334,5.006383465469138,40.27466086786423,5.858870442633476,594.6875389202737,2.5283005294912977,,25.764957,39.686907,5.006383465469138,34.68052353453093,5.938856963677167,589.5020235194969,2.5097126523527296,,25.353566,39.937249,5.006383465469138,34.93086553453092,5.935221212431311,589.7334709376136,2.5105467270381903,27.601583,47.333167,5.006383465469138,42.32678353453089,5.830172121774757,596.5970231861143,2.5350934731769197,134.544051,,137.264258,92.310738,76.541108,59.56630333418673,-16.974804665813316,74.301881,84.652118,73.977038,59.56630333418673,-14.410734665813402,606.343304734391,74.487242,59.56630333418673,-14.920938665813344,606.878769469222,73.180236,59.56630333418673,-13.613932665813389,605.5070663154563,1565.5340130784698,-6491.9964740596615
,27.955170166666665,45.406031000000006,2.9583189905923852,42.44771200940759,5.616283546548261,595.2110997526308,2.5371730801993,,24.714685,39.514008,2.9583189905923852,36.555689009407615,5.69639917514972,589.7629944679387,2.517642989579844,,24.066424,39.896497,2.9583189905923852,36.938178009407636,5.691115297631596,590.1156841494211,2.5189142609114956,25.966033,47.405363,2.9583189905923852,44.44704400940763,5.589704143398493,597.0672663726353,2.543775060904819,134.699127,,137.301559,140.258851,86.756196,85.27959334017909,-1.4766026598208897,81.237649,87.003665,77.723662,85.27959334017909,7.555931340178995,266.2002366759607,73.334098,85.27959334017909,11.945495340179104,259.60198276552404,69.529324,85.27959334017909,15.750269340179011,253.93649476043907,985.4372145994428,142831.89121449733
,28.477945333333334,45.31985766666667,11.083467861580289,34.236389805086375,6.624962531297625,593.4259451200562,2.503511740479755,,25.473287,39.846774,11.083467861580289,28.763306138419694,6.715825902261526,588.3116813598613,2.485182892557361,,24.993033,39.953102,11.083467861580289,28.86963413841979,6.714031394572887,588.4108000816381,2.4855400271365338,32.74781,47.430146,11.083467861580289,36.34667813841967,6.5907261942508475,595.4047119390495,2.510550211369352,136.432142,,140.325486,153.495227,92.482108,91.3239619183877,-1.158146081612415,83.673763,91.947946,85.821681,91.3239619183877,5.502280918387646,278.54658339259515,80.285376,91.3239619183877,11.038585918387707,270.07999105562607,80.446874,91.3239619183877,10.877087918387542,270.32530949421937,1511.4682733685665,209502.62328191957
,28.717962333333332,45.31770766666667,18.449841459075675,26.86786620759103,7.667466911027796,591.6578460179278,2.473589728464223,,25.979981,39.915662,18.449841459075675,21.46582054092439,7.775170746884912,586.55333657792,2.455297045467544,,25.695322,40.024179,18.449841459075675,21.574337540924354,7.772969399465433,586.6556686925085,2.4556657065755823,39.601768,47.463608,18.449841459075675,29.013766540924415,7.625716839640618,593.6915990901604,2.480823562425194,134.782849,,137.750004,95.846476,79.049704,61.72422406447363,-17.32547993552638,75.441841,86.254269,76.142048,61.72422406447363,-14.417823935526418,607.6810259988179,76.287662,61.72422406447363,-14.563437935526405,607.8348390648588,75.224466,61.72422406447363,-13.500241935526333,606.711764431262,1693.7507501023204,-9988.388376343082
,27.841810499999998,45.504282999999994,15.10115722958195,30.40312577041815,7.173964824743519,592.6642210195607,2.487783038504309,,24.843098,39.690795,15.10115722958195,24.589637770418015,7.280589851016866,587.1999344760462,2.4682002887591823,,24.292094,39.963963,15.10115722958195,24.862805770418163,7.275490890964802,587.4561054520029,2.469123432268914,36.399849,47.43777,15.10115722958195,32.33661277041803,7.13935665733714,594.4875467883282,2.494267374794446,133.672939,,136.498118,146.575804,83.621308,88.20949269375943,4.588184693759411,79.092732,85.273636,72.740659,88.20949269375943,15.468833693759404,258.71936640687477,71.102045,88.20949269375943,17.107447693759298,256.2778684416456,69.264418,88.20949269375943,18.945074693759388,253.55047712575362,150.00439151743004,21816.235076236822
,28.19387383333333,45.466784999999994,2.245977860005304,43.22080713999479,5.533692026438034,595.4057400998407,2.540323787460476,,25.001595,39.850918,2.245977860005304,37.60494013999469,5.608640164378176,590.216246510557,2.5217281290200644,,24.493173,39.814226,2.245977860005304,37.568248139994765,5.6091378299489625,590.1824377426943,2.521606296249669,25.408531,47.381825,2.245977860005304,45.135847139994794,5.508675308006586,597.1822687585097,2.546642280587443,136.167264,,139.673874,147.755509,92.444262,88.74730956263937,-3.6969524373606872,84.855711,91.112335,85.238653,88.74730956263937,3.5086565626393393,277.6544935487607,78.763461,88.74730956263937,9.983848562639276,267.77299635446775,78.823281,88.74730956263937,9.924028562639284,267.8635608473872,1160.2291700429564,162645.62371410223
,28.678562833333334,45.48367266666667,11.175517308289443,34.308155358377306,6.634518680618036,593.5587132875611,2.503683190192947,,25.967561,40.033415,11.175517308289443,28.85789769171066,6.725112192812707,588.4643220831178,2.4854319313652065,,25.70006,39.919122,11.175517308289443,28.74360469171062,6.727044634968413,588.3577571526715,2.485048026015832,32.829216,47.362946,11.175517308289443,36.187428691710636,6.603970164847827,595.3211581624018,2.5099516048370063,135.356745,,138.624866,106.824858,82.48307,68.11623650043494,-14.366833499565189,77.015058,87.985283,78.326434,68.11623650043494,-10.210197499565187,607.0456594764154,77.942162,68.11623650043494,-9.82592549956513,606.6312995813325,77.404171,68.11623650043494,-9.28793449956512,606.0511028955099,1785.2521852358616,-8637.880899769265
,28.196012,45.593107,8.6879992787892,36.905107721210825,6.30901688922243,594.2089304320714,2.5142129159772484,,25.455605,40.102565,8.6879992787892,31.414565721210874,6.394793920129852,589.0937519466463,2.4958904426039874,,24.909008,39.975216,8.6879992787892,31.287216721210847,6.396817291349675,588.9754196165054,2.4954641980465544,30.66599,47.499985,8.6879992787892,38.811985721210796,6.27987565057993,595.9916858393678,2.5205520246155655,133.208263,,135.789471,131.587315,80.005551,81.11164077459433,1.106089774594159,76.662257,83.701467,70.821159,81.11164077459433,10.290481774594264,255.84722702431742,71.529482,81.11164077459433,9.582158774594324,256.9020020058702,70.566158,81.11164077459433,10.545482774594268,255.46791361181715,167.29707028045246,24447.33990569885
,28.178772499999997,45.44112933333333,33.71232694287752,11.728802390455893,10.289984636651397,587.3201822972649,2.4124863059412682,,24.889018,40.110191,33.71232694287752,6.397864057122535,10.4469280924569,582.1296546367874,2.393891221306831,,24.400302,39.854115,33.71232694287752,6.141788057122551,10.454631187606006,581.8805951826104,2.3929939830524334,56.13498,47.425364,33.71232694287752,13.71303705712254,10.233174283824876,589.2551882653265,2.4193683289036216,135.678601,,139.06861,149.860787,91.703962,89.70002632641945,-2.003935673580577,84.673007,90.469248,84.252239,89.70002632641945,5.44778732641945,276.13708251433104,77.856493,89.70002632641945,11.843533326419323,266.4016840116483,77.403854,89.70002632641945,12.296172326419377,265.71844406420905,1064.4915072647732,146364.97121909854
,28.617263833333336,45.00362033333334,17.69739430950898,27.30622602382448,7.560930169954869,591.551636850201,2.4755751661507817,,25.884609,39.853365,17.69739430950898,22.15597069049104,7.661820302766154,586.6917112002815,2.4581524638601127,,25.600706,39.920353,17.69739430950898,22.222958690490977,7.660486188975663,586.7547977868909,2.4583797770356925,38.869547,47.411581,17.69739430950898,29.714186690491054,7.514894120270126,593.830748668565,2.483684649159512,136.046284,,139.168634,122.117944,85.313893,76.34800103823879,-8.965891961761281,78.530996,89.299761,80.11721,76.34800103823879,-3.769208961761217,604.6946486564217,79.064013,76.34800103823879,-2.7160119617612737,603.5221602665888,78.698189,76.34800103823879,-2.3501879617612302,603.1146581777814,1788.339134651827,-7646.867291009871
,28.229382833333332,45.00468933333334,30.103278147484865,14.901411185848485,9.617270812715242,588.0605825539951,2.4255240830251563,,25.529704,40.098469,30.103278147484865,9.99519085251518,9.748923892940478,583.3224618101019,2.40854220044895,,25.015431,39.884382,30.103278147484865,9.78110385251522,9.754778486617388,583.1159719360186,2.4077983331845805,51.926315,47.238831,30.103278147484865,17.135552852515207,9.558864663515426,590.2222485222111,2.4332169788013944,133.727752,,136.126834,110.211178,78.571742,70.00190130477051,-8.56984069522963,75.812065,83.705865,72.141735,70.00190130477051,-2.139833695229561,599.3855973940314,72.625106,70.00190130477051,-2.623204695229583,599.9119508782521,71.340601,70.00190130477051,-1.3386996952295362,598.5128701746567,1226.4871732128956,-4770.652836872861
,27.713088833333334,44.67269033333333,8.340559750885255,36.33213058244809,6.278950899584334,593.4246204640773,2.512572993029876,,24.51307,40.219824,8.340559750885255,31.879264249114804,6.34808689610909,589.279653774878,2.4977139524625014,,23.882262,39.840835,8.340559750885255,31.500275249114814,6.354057065491426,588.9276669574402,2.496446039975118,30.369857,47.234167,8.340559750885255,38.89360724911486,6.240001845203424,595.8169468069634,2.521089592335414,134.949108,,137.912725,152.932385,89.621812,91.07416510681836,1.452353106818316,83.208071,88.774178,81.687237,91.07416510681836,9.386928106818242,272.21291898258806,75.799947,91.07416510681836,15.274218106818228,263.30439486358796,73.938168,91.07416510681836,17.135997106818387,260.51297295757905,138.38493817740036,19660.42640048195
,28.383801166666668,44.824980000000004,17.229144789076827,27.59583521092326,7.494928883318778,591.5005795729834,2.4768695400804184,,25.494804,39.903238,17.229144789076827,22.674093210923264,7.590259045850209,586.8600136276859,2.4602311110506783,,25.15051,39.900234,17.229144789076827,22.671089210923242,7.590318166110997,586.8571867365356,2.4602209255183447,38.417638,47.310407,17.229144789076827,30.081262210923192,7.447918448918563,593.8510501673595,2.4852352444353465,136.408113,,139.650243,98.492959,89.194337,63.30639829415459,-25.887938705845407,80.630701,90.83157,82.969453,63.30639829415459,-19.663054705845422,614.2189162386642,80.258103,63.30639829415459,-16.951704705845497,611.3412659014247,80.265583,63.30639829415459,-16.959184705845473,611.3492044414257,1875.841694147751,-14880.205461352152
,28.324428333333334,44.78153633333333,14.535916763414946,30.245619569918517,7.106863753526274,592.1193987310271,2.487651948902887,,25.539572,40.203796,14.535916763414946,25.6678792365851,7.1897030304675384,587.8207043953053,2.472243235360169,,25.145408,39.970124,14.535916763414946,25.43420723658513,7.1939963436980205,587.6017180843381,2.471454501244364,35.873693,47.228541,14.535916763414946,32.69262423658512,7.0635454814150656,594.4241633444525,2.4958559940212113,133.596345,,136.208088,158.60762,76.404323,93.56536262212894,17.161039622128875,74.405992,83.803644,72.955113,93.56536262212894,20.610249622128823,259.0478382702889,73.365023,93.56536262212894,20.200339622128933,259.6597588370297,72.175945,93.56536262212894,21.38941762212885,257.88624566173604,223.25958370614222,32206.768963829192
,27.713680666666665,44.805139,11.106099429666152,33.69903957033392,6.636390425154337,592.9387849919343,2.5017002235810795,,24.388265,40.022506,11.106099429666152,28.916406570333937,6.715916395122296,588.4702565676753,2.485680220229588,,23.791387,39.866429,11.106099429666152,28.760329570333795,6.718551277677442,588.3247515021344,2.4851559977816735,32.767815,47.238343,11.106099429666152,36.132243570333856,6.596809199685369,595.2196662409825,2.509818984742422,134.880459,,137.518326,165.157685,88.318519,96.36745078117036,8.04893178117037,82.286569,87.928293,79.996202,96.36745078117036,16.371248781170358,269.6394452127242,74.812332,96.36745078117036,21.555118781170233,261.8282762108298,72.092252,96.36745078117036,24.27519878117032,257.7669647746542,140.52943997814617,20065.86202380457
,28.40991166666667,45.323383666666665,8.116057961015919,37.20732570565078,6.240602776861276,594.0798549678915,2.515658688993391,,25.366027,40.061014,8.116057961015919,31.944956038984152,6.321738226425293,589.1816528689452,2.4981079932681047,,25.021226,39.834999,8.116057961015919,31.71894103898412,6.325280611101449,588.9718205318183,2.497352019293247,30.179284,47.361691,8.116057961015919,39.245633038984124,6.209849545103697,595.983735286858,2.522431222644091,136.369504,,139.937553,129.315792,91.142831,79.99002086112789,-11.152810138872189,82.148753,91.562291,84.839179,79.99002086112789,-4.849158138872167,607.9010764713682,80.486027,79.99002086112789,-0.49600613887214423,602.9861719641559,80.743632,79.99002086112789,-0.7536111388721224,603.2776406364687,1736.2755780970017,-6522.181703381527
,28.474475666666667,45.26614266666667,11.564796907887228,33.70134575877948,6.690042615214336,593.2668966458057,2.50136904510805,,25.580124,40.116427,11.564796907887228,28.551630092112806,6.776504069446789,588.451096038053,2.484113569486017,,25.213162,39.942131,11.564796907887228,28.377334092112825,6.779478741546455,588.288486417683,2.4835278225565394,33.174647,47.404698,11.564796907887228,35.839901092112754,6.654926646728226,595.2733924998266,2.508506706615464,133.809398,,136.724451,105.491072,76.512952,67.36291755312769,-9.150034446872406,74.33007,84.427051,73.780899,67.36291755312769,-6.417981446872363,602.5188673460112,74.23026,67.36291755312769,-6.86734244687234,603.002773408988,73.005227,67.36291755312769,-5.642309446872446,601.6833641728149,1520.1710329163511,-4658.481692227167
,27.762735833333334,45.23814333333333,6.7471578542114585,38.49098547912183,6.0710379537910635,594.2895656035647,2.5209937004840675,,24.472378,40.062572,6.7471578542114585,33.3154141457886,6.1482058357037515,589.4808350455745,2.5037621582233984,,23.872689,39.964508,6.7471578542114585,33.21735014578858,6.149690964594167,589.3899519785037,2.5034347719720853,29.030379,47.23032,6.7471578542114585,40.48316214578862,6.041953309561085,596.14700886657,2.5276024612514147,134.376992,,137.333661,130.163251,86.946357,80.40998032393537,-6.536376676064674,81.330316,87.029253,78.349999,80.40998032393537,2.0599813239353013,267.14769806665333,73.641023,80.40998032393537,6.768957323935308,260.0557177045077,70.378131,80.40998032393537,10.031849323935308,255.18710170214808,1000.5898571532465,144252.07591641496
,28.20884716666667,45.055611,-19.21605488853089,64.27166588853098,3.495193929570234,598.4817625487422,2.6303656926948724,,25.104287,39.927409,-19.21605488853089,59.14346388853104,3.5354890251717244,593.8378400924654,2.613719477956971,,24.732923,39.952941,-19.21605488853089,59.1689958885309,3.5352858182724884,593.860888849841,2.6138025182258757,11.158302,47.19099,-19.21605488853089,66.40704488853102,3.4787168979003624,600.4241455702577,2.6372781831987315,136.706659,,140.20859,121.177666,92.147398,75.86192933268886,-16.28546866731126,83.287896,91.750176,85.475903,75.86192933268886,-9.613973667311177,610.9061423879606,80.258355,75.86192933268886,-4.396425667311201,605.1234793689807,80.701593,75.86192933268886,-4.839663667311186,605.6155217537739,1602.233801370769,-4677.575594658559
,28.778973166666663,45.39802233333333,14.091808609541193,31.30621372379219,7.033578052911482,592.8051185072533,2.4915249413015004,,26.00752,39.868332,14.091808609541193,25.776523390458795,7.132460638279942,587.6153108324169,2.4729271936204644,,25.635214,40.073779,14.091808609541193,25.981970390458876,7.128724830588281,587.807696089265,2.4736202781085534,35.463157,47.550039,14.091808609541193,33.45823039045886,6.996005838491081,594.8315841739937,2.498731667097235,133.660475,,136.07608,109.889658,77.475029,69.82448878278856,-7.650540217211585,74.844351,84.815075,74.095232,69.82448878278856,-4.270743217211418,601.6044780114082,74.903387,69.82448878278856,-5.078898217211451,602.4828002095668,73.662501,69.82448878278856,-3.83801221721144,601.1340187817349,1521.5311272920894,-4519.120634951129
,28.067012666666667,45.32094433333333,17.124072974384898,28.19687135894851,7.4700063893648165,591.9954663315531,2.4789663208663537,,24.887609,40.009664,17.124072974384898,22.885591025615213,7.57241380546722,586.9872431171925,2.461020435016107,,24.377284,40.07779,17.124072974384898,22.953717025615173,7.571077830317733,587.0513485776901,2.4612513468817827,38.316627,47.511303,17.124072974384898,30.387230025615132,7.428775876090185,594.0671558884304,2.4863347200377204,132.946373,,135.741811,155.150926,86.577815,92.05525458353284,5.477439583532726,80.992339,86.499044,77.959692,92.05525458353284,14.095562583532796,266.55806675645647,73.561515,92.05525458353284,18.49373958353275,259.95108750882656,70.336053,92.05525458353284,21.719201583532744,255.1479242582856,136.20485726329744,19528.781518048323
,28.634879666666667,45.06595866666667,9.313173484498293,35.75278518216849,6.397324506428894,593.5808250620701,2.509898610140252,,25.564618,40.182214,9.313173484498293,30.869040515501705,6.474911277015898,589.0281332333498,2.4935837062196,,25.246651,40.054442,9.313173484498293,30.741268515501723,6.476972110799209,588.9092974854414,2.4931557163389115,31.202535,47.567402,9.313173484498293,38.25422851550178,6.358453760753019,595.9208004394551,2.5182228611316035,134.789248,,138.552502,136.176382,91.824045,83.33924079111115,-8.484804208888931,83.122979,91.432893,85.349962,83.33924079111115,-2.0107212088890263,606.4750837667771,80.052765,83.33924079111115,3.2864757911110813,269.7304476796923,80.521683,83.33924079111115,2.8175577911110623,270.4436794064741,1597.222722294542,146739.27958511145
,28.822816500000002,45.006138,15.164133293122042,29.842004706878026,7.191919858779582,592.1797393237847,2.485854454946788,,26.02472,40.12721,15.164133293122042,24.96307670687802,7.281559316064537,587.5935718832976,2.469417704008776,,25.685184,40.09262,15.164133293122042,24.928486706878072,7.282204820096629,587.561123486597,2.4693008383398642,36.458724,47.518625,15.164133293122042,32.354491706877994,7.146819257407274,594.5488685382854,2.494283323465592,132.85968,,135.816422,103.958635,78.102066,66.48977773409408,-11.612288265905955,74.926877,85.284465,74.719421,66.48977773409408,-8.229643265905883,603.9578605013725,75.395721,66.48977773409408,-8.905943265906012,604.6835977241252,74.208708,66.48977773409408,-7.7189302659059305,603.4097156151596,1635.2464813207878,-6656.065786062266
,28.0614875,45.126627000000006,15.79889092557671,29.327736074423342,7.280666879931867,592.1391058430105,2.483683451107206,,24.987987,40.045957,15.79889092557671,24.24706607442331,7.375489247886432,587.358571959928,2.4665507557598505,,24.412969,40.125254,15.79889092557671,24.326363074423377,7.37398548748073,587.4330323943516,2.4668189444117754,37.054994,47.51705,15.79889092557671,31.718159074423305,7.237095541781578,594.3953537321246,2.491709767312963,132.4085,,135.023108,150.650647,85.085649,90.05516634134774,4.969517341347592,80.021651,85.620686,75.917555,90.05516634134774,14.137611341347645,263.480355260965,72.617746,90.05516634134774,17.437420341347718,258.5388037839006,69.113371,90.05516634134774,20.941795341347678,253.33121586659226,137.51888121067176,19860.869281965668
,28.507264000000003,45.23440733333334,20.876427594123015,24.35797973921036,8.042258224521303,590.9461933997256,2.463502272985779,,25.482825,40.2708,20.876427594123015,19.39437240587706,8.147343209948477,586.2363509262354,2.446628509501688,,25.077688,40.040897,20.876427594123015,19.164469405877025,8.152295855022928,586.0186088177066,2.4458443647820536,42.014312,47.56241,20.876427594123015,26.685982405876974,7.994148337860232,593.1611717841604,2.471380586155558,134.774672,,138.243253,151.180803,92.217385,90.29284146346346,-1.9245435365365666,84.030098,91.220962,85.282248,90.29284146346346,5.010593463463328,277.71844559700986,79.671086,90.29284146346346,10.62175546346341,269.1480423564392,79.988133,90.29284146346346,10.304708463463408,269.629106505669,1361.5515242489105,187888.89432962533
,28.83200066666667,45.102947,13.401594243184707,31.701352756815346,6.94277178442274,592.6902542401959,2.493342136037525,,26.218515,40.36403,13.401594243184707,26.962435756815285,7.0260193530650445,588.2467681153581,2.477422046433607,,25.853457,40.242141,13.401594243184707,26.840546756815286,7.028193305345924,588.1327161782424,2.4770114373561416,34.830096,47.530094,13.401594243184707,34.12849975681532,6.9010700184395946,594.9732514705654,2.501463694958,133.302589,,136.251578,106.713243,79.654227,68.05343023967266,-11.600796760327421,75.569532,86.115199,75.811977,68.05343023967266,-7.758546760327386,604.364615367231,76.318328,68.05343023967266,-8.264897760327404,604.9108607788752,75.376763,68.05343023967266,-7.323332760327469,603.8950308586569,1692.731369544138,-6852.740003772844
,28.118554666666668,44.74804066666667,13.713698488432861,31.03434217823383,6.992237886910919,592.2833588159563,2.490882798478581,,25.127191,40.078643,13.713698488432861,26.36494451156714,7.075067741888459,587.9042575492643,2.4751833837011117,,24.602171,40.081525,13.713698488432861,26.367826511567195,7.075015864832331,587.9069550104231,2.475193099417509,35.115608,47.464138,13.713698488432861,33.75043951156719,6.945150403784145,594.8387942904839,2.49997731689476,132.022763,,134.588937,135.062085,83.609701,82.80295696581241,-0.8067440341876477,78.953684,84.85876,73.72872,82.80295696581241,9.074236965812315,260.18960700126655,71.688203,82.80295696581241,11.114753965812463,257.1411994803272,68.99647,82.80295696581241,13.806486965812393,253.14139211929955,1007.025997980326,146333.49715955058
,28.236419,44.90473,16.786344577627187,28.118385422372945,7.428262984143308,591.6864442413132,2.478932760376167,,25.032495,40.395519,16.786344577627187,23.60917442237284,7.514481735960517,587.436860294542,2.463704858278577,,24.632724,40.056091,16.786344577627187,23.269746422372826,7.5210739714840065,587.1175942582403,2.4625552609564654,37.992927,47.32331,16.786344577627187,30.536965422372894,7.383029312093445,593.9722440646659,2.4870675452830944,134.352267,,137.294965,164.566433,91.355894,96.11761111461028,4.761717114610247,84.233839,90.042238,84.027317,96.11761111461028,12.090294114610174,275.7819345402095,77.841054,96.11761111461028,18.276557114610192,266.3803046663215,77.851365,96.11761111461028,18.266246114610134,266.3958579676996,146.72561567223448,20465.625227519984
,28.70931966666667,44.842926,15.968161944467386,28.874764055532616,7.3103172010482,591.8301781040182,2.4820426157706987,,26.01767,40.582748,15.968161944467386,24.614586055532605,7.390096253103771,587.820212429566,2.4676751591336363,,25.856036,40.195783,15.968161944467386,24.22762105553263,7.397451282143155,587.4566634165291,2.4663665377597623,37.214879,47.454737,15.968161944467386,31.486575055532693,7.262458978112602,594.2956443486244,2.4908162014701976,134.413902,,137.524361,123.95851,85.776547,77.29242538655689,-8.484121613443165,78.589667,89.074474,80.228315,77.29242538655689,-2.9358896134431687,604.2825099631169,79.008556,77.29242538655689,-1.7161306134431584,602.9187825316404,78.850705,77.29242538655689,-1.5582796134431647,602.7421885126869,1811.6908727225737,-7024.293871775079
,28.105349,44.91959,19.15789590088847,25.76169409911163,7.782680379607211,591.09866509719,2.469381121965319,,24.878426,40.308579,19.15789590088847,21.150683099111586,7.876258424897454,586.7365556250453,2.453748870501954,,24.33113,40.168942,19.15789590088847,21.01104609911158,7.87913696770698,586.6046924411993,2.453274076398207,40.297618,47.440319,19.15789590088847,28.28242309911159,7.7326994906193685,593.4899296362162,2.4778901303487824,133.482943,,136.346823,163.409464,89.517077,95.62697260618184,6.1098956061817145,83.211803,88.474744,81.588273,95.62697260618184,14.038699606181819,272.0584794299567,76.044081,95.62697260618184,19.582891606181715,263.6750383481148,74.700151,95.62697260618184,20.92682160618176,261.6593438211299,132.19152852739035,18622.471492893896
,28.80551416666667,45.353063999999996,6.6635329293110885,38.68953107068902,6.059046098752113,594.4140536629664,2.5217189157636466,,25.898878,40.115085,6.6635329293110885,33.451552070689026,6.136945332140766,589.5474606062085,2.50428293390861,,25.703548,40.141998,6.6635329293110885,33.47846507068901,6.136538871234743,589.5724028488107,2.5043727621753247,28.96092,47.605601,6.6635329293110885,40.942068070688926,6.026274141033234,596.5145436661049,2.529188816206697,134.493598,,137.823136,104.052807,88.44056,66.54367258395487,-21.896887416045207,80.238236,90.283404,82.339671,66.54367258395487,-15.79599841604512,612.103957053872,79.918683,66.54367258395487,-13.375010416045246,609.5088330092941,80.003059,66.54367258395487,-13.459386416045072,609.599292761129,1882.4591968457432,-11240.3316793216
,28.622250166666664,45.02644266666667,19.437356603784156,25.589086062882632,7.823279591256473,591.1274317817451,2.4686123567060494,,25.665352,40.466011,19.437356603784156,21.02865439621586,7.916401297391177,586.8107310198446,2.4531469039168834,,25.259743,40.104351,19.437356603784156,20.666994396215944,7.923907189452887,586.4690299719122,2.451916669834625,40.574093,47.505804,19.437356603784156,28.068447396215948,7.773803555096901,593.4806640903997,2.4769846057993115,132.419754,,134.571014,98.269681,77.950105,63.17397163497998,-14.776133365020053,75.249665,83.494135,72.471101,63.17397163497998,-9.297129365020135,603.1367535226665,72.926298,63.17397163497998,-9.752326365020043,603.6199643210364,71.749614,63.17397163497998,-8.575642365020077,602.3707804813566,1318.4812200462054,-5419.7924360995885
,28.30671033333333,45.545051666666666,8.915460886755852,36.6295907799108,6.338792459685136,594.1149199953965,2.513121854772588,,24.879596,40.371396,8.915460886755852,31.455935113244198,6.420019227338892,589.293019744271,2.495853701851276,,24.506005,40.117708,8.915460886755852,31.20224711324422,6.424067666931372,589.0571759103141,2.4950045189172037,30.860655,47.545928,8.915460886755852,38.63046711324421,6.308043614709282,595.9860943843394,2.5197753772824676,133.358567,,136.32705,152.069977,89.370817,90.69022351889197,1.3194065188918784,83.100405,88.43062,81.750352,90.69022351889197,8.939871518891959,272.3094603548686,75.948186,90.69022351889197,14.742037518891824,263.5268797946695,74.701255,90.69022351889197,15.98896851889192,261.6552177215331,132.9648904034596,18872.223029153047
,28.7793245,45.41938,15.613367797509873,29.806012202490127,7.248643185081708,592.4603259325424,2.4854199542567996,,25.879493,40.339596,15.613367797509873,24.72622820249014,7.342836025742686,587.6808318844735,2.4683009794337734,,25.518425,40.191773,15.613367797509873,24.57840520249017,7.345623049826342,587.5420457229295,2.467801284973845,36.880183,47.598551,15.613367797509873,31.985183202490237,7.209150310937756,594.516945347449,2.4927334114226603,134.91122,,137.94156,117.153625,88.855316,73.75340374089573,-15.101912259104314,80.527455,90.38074,82.633255,73.75340374089573,-8.87985125910426,608.8847014305177,80.010646,73.75340374089573,-6.257242259104293,606.0002269967496,80.061696,73.75340374089573,-6.308292259104292,606.0564154905069,1815.330748198636,-9726.650666685868
,28.55206683333333,45.077331333333326,6.8438277104558765,38.23350362287753,6.08534088270134,594.1195673135331,2.5200623822739137,,25.663018,40.442572,6.8438277104558765,33.59874428954417,6.15456426085757,589.8123391578442,2.5046312977954264,,25.284593,40.096227,6.8438277104558765,33.252399289544165,6.159814010455604,589.4912375359916,2.503475191811242,29.110777,47.434125,6.8438277104558765,40.590297289544196,6.050855675262561,596.317275338808,2.5278814707562978,131.988573,,134.389229,106.165916,77.904751,67.74483126983273,-10.159919730167314,75.184525,83.373364,72.309314,67.74483126983273,-4.564482730167401,600.740214924629,72.779168,67.74483126983273,-5.0343367301673085,601.2472268775766,71.570564,67.74483126983273,-3.8257327301674082,599.9428173158069,1305.2970251160318,-2427.603759933804
,28.141982333333335,45.295458999999994,27.208401691997086,18.087057308003,9.090512802214048,589.2234035845188,2.4381853302406196,,24.651667,40.201189,27.208401691997086,12.992787308002994,9.217192743158643,584.3324879294996,2.4206626782959573,,24.244554,40.026889,27.208401691997086,12.81848730800299,9.221609482615477,584.1653986595143,2.4200608969970134,48.687534,47.446382,27.208401691997086,20.23798030800301,9.038378485815802,591.2929892558295,2.445546904933403,133.181443,,136.059384,120.085306,88.458005,75.29413193085416,-13.16387306914587,82.475934,87.796954,80.58993,75.29413193085416,-5.295798069145917,605.8048687778411,75.123703,75.29413193085416,0.17042893085402966,262.2769657162361,73.16542,75.29413193085416,2.1287119308541604,259.33824609766356,1005.7209173251871,93167.530345855
,28.720885499999998,45.49810766666667,17.438264289223024,28.059843377443666,7.5130025650742205,592.0843747856254,2.4782910667399114,,25.666454,40.004102,17.438264289223024,22.56583771077701,7.619709492781711,586.9009017172706,2.4597203751785934,,25.414011,40.008267,17.438264289223024,22.570002710777068,7.61962714757735,586.9048228235208,2.4597345003089677,38.619105,47.554474,17.438264289223024,30.116209710777014,7.474019162576358,594.030440715737,2.4852111519693394,134.908784,,138.1831,131.946366,90.178283,81.2877607641684,-8.890522235831758,81.415609,90.91799,83.751681,81.2877607641684,-2.4639202358315857,605.9048247704854,80.422298,81.2877607641684,0.8654627641683078,270.2937651190303,80.661744,81.2877607641684,0.6260167641683211,270.6583331092617,1765.1644005812911,160681.3080226294
,28.047855666666667,45.49197366666667,9.489885430784284,36.002088235882375,6.413458113670528,593.9403759299694,2.510595067096868,,24.750755,40.431315,9.489885430784284,30.94142956921571,6.4940432772648835,589.2201636621672,2.4936911962663055,,24.216939,39.806675,9.489885430784284,30.31678956921571,6.504162351854534,588.6390681546922,2.491598369096678,31.355058,47.373764,9.489885430784284,37.8838785692158,6.38410979600044,595.7012912064224,2.5168579231054733,133.006767,,135.620354,144.831763,87.07505,87.40909975784871,0.334049757848652,81.418134,86.790937,78.79297,87.40909975784871,8.616129757848592,267.81778363543043,74.109189,87.40909975784871,13.299910757848739,260.76450792308515,71.139319,87.40909975784871,16.269780757848686,256.3318051092543,132.3613050294592,19008.909331350384
,28.653612,45.60498533333333,10.882054908125667,34.72293042520779,6.593628939509626,593.7382232501236,2.505285306306349,,25.491876,40.181918,10.882054908125667,29.299863091874396,6.6830447853527115,588.6706943859131,2.4871351600396325,,25.118681,39.919996,10.882054908125667,29.037941091874472,6.687439061875222,588.4265690893061,2.48625581821227,32.570052,47.525927,10.882054908125667,36.64387209187445,6.562653659405826,595.5392793540132,2.511689249379697,135.100493,,138.444035,132.611416,91.629126,81.61314512406639,-10.015980875933655,82.916953,91.401201,84.984299,81.61314512406639,-3.371153875933601,607.1085458112631,80.426786,81.61314512406639,1.1863591240662799,270.3003821851481,80.795412,81.61314512406639,0.8177331240663535,270.8616966437324,1620.4032209467996,148226.63690592273
,28.79935066666667,45.61776033333333,16.259050892042342,29.358709441291023,7.338091507191876,592.489826459701,2.483469295825509,,25.942028,40.317525,16.259050892042342,24.05847410795774,7.437910172800052,587.4975789014845,2.4655914174630476,,25.488867,39.991253,16.259050892042342,23.732202107957697,7.444166501881687,587.1909653780009,2.4644872209367503,37.490504,47.55072,16.259050892042342,31.291669107957727,7.302514271608719,594.315941083757,2.489962097944657,133.175211,,135.700569,105.48974,77.799244,67.36216217934187,-10.437081820658126,74.847102,84.975806,74.395362,67.36216217934187,-7.033199820658263,603.1809218226688,75.284232,67.36216217934187,-7.922069820658225,604.1378288917306,74.028582,67.36216217934187,-6.666419820658211,602.7859772005348,1577.9213964630367,-6140.614351340801
,28.076179166666666,45.14812666666666,15.004631593224815,30.14349507344184,7.16666006859592,592.3519515443586,2.4869789401755202,,24.654089,40.107969,15.004631593224815,25.103337406775154,7.2588594798651505,587.6151311818669,2.4700043209315927,,24.173647,39.933295,15.004631593224815,24.928663406775208,7.262108044162109,587.4513247085796,2.4694142525276366,36.309708,47.387904,15.004631593224815,32.38327240677531,7.126614321852583,594.463449886908,2.4944911262332994,132.611428,,135.129609,156.583609,85.535367,92.68384722319061,7.148480223190575,80.268117,85.88329,76.952034,92.68384722319061,15.731813223190624,265.03867256863924,73.037572,92.68384722319061,19.646275223190536,259.1694755512276,69.612895,92.68384722319061,23.070952223190453,254.077294776496,138.5539545705765,19956.138499317625
,28.470043166666667,45.089801,16.16243146452832,28.92736953547177,7.333869377691926,592.0153294576704,2.482085180482966,,25.182799,40.344871,16.16243146452832,24.182439535471712,7.423156199328497,587.547713802805,2.4660781221309653,,25.012297,39.978688,16.16243146452832,23.81625653547179,7.430160499521419,587.2036451969685,2.464839058244693,37.398833,47.374894,16.16243146452832,31.21246253547174,7.291818437147753,594.1731602056371,2.489762747392596,135.020611,,138.293295,150.685477,92.089863,90.07079813904295,-2.01906486095711,83.741636,91.320471,85.474176,90.07079813904295,4.596622139042916,278.0142265048937,79.882297,90.07079813904295,10.18850113904291,269.4685549851101,80.32493,90.07079813904295,9.745868139042898,270.1406532611596,1423.7467674323423,196860.90083583674
,28.827247999999997,45.353787000000004,8.632693048370186,36.72109395162984,6.305650275232459,593.997346803454,2.513642968813846,,25.7299,40.24462,8.632693048370186,31.611926951629822,6.385382714933327,589.2380411157524,2.496593587157363,,25.494423,39.935915,8.632693048370186,31.303221951629904,6.390279290599333,588.951201313082,2.4955604685057926,30.618753,47.450687,8.632693048370186,38.81799395162989,6.273621219845279,595.9573461028552,2.520614308222005,133.327327,,136.089832,97.640891,79.182825,62.79999712673573,-16.382827873264365,75.360875,85.770379,75.615144,62.79999712673573,-12.815146873264315,606.6431225196784,76.030221,62.79999712673573,-13.23022387326439,607.0830362461825,75.008898,62.79999712673573,-12.20890087326436,606.0005729697544,1675.3564588436843,-7647.629581894813
,28.059719833333332,45.090392666666666,15.813458234998393,29.27693443166836,7.283430872421547,592.1013828853181,2.4835025272051916,,24.927107,40.154749,15.813458234998393,24.341290765001578,7.375558290488845,587.4570675103346,2.4668592248383883,,24.490814,39.866997,15.813458234998393,24.05353876500169,7.3810197486054685,587.1868762984316,2.465885915240669,37.068739,47.373771,15.813458234998393,31.560312765001708,7.241772398629549,594.2564757079266,2.49117035654685,132.387131,,134.64364,153.519971,82.989044,91.33492959117233,8.345885591172328,78.58731,84.470055,72.759327,91.33492959117233,18.5756025911723,258.75208721631907,71.480042,91.33492959117233,19.854887591172222,256.84611019147985,69.185642,91.33492959117233,22.149287591172264,253.4413375363419,143.51497932508266,20848.061333340433
,28.345225499999998,45.432155,11.569349579279208,33.8628054207209,6.687909841476129,593.4214847119433,2.501905148325604,,24.897803,40.149684,11.569349579279208,28.580334420720828,6.776556314154255,588.4810626337354,2.4842066478536333,,24.537347,39.8401,11.569349579279208,28.27075042072088,6.7818416481039066,588.1922427161102,2.483166198805851,33.178698,47.335684,11.569349579279208,35.76633442072081,6.656658825814541,595.2075576380515,2.5082580944622364,134.534214,,137.85847,150.930682,92.013736,90.18077867412782,-1.832957325872212,84.660119,90.682815,85.149779,90.18077867412782,5.0309996741277585,277.5149235432725,78.896638,90.18077867412782,11.284140674127718,267.97451812001873,79.208808,90.18077867412782,10.97197067412775,268.44729821154675,1141.705740235845,158974.069088647
,28.710316666666667,45.497963666666664,19.344660424022482,26.153303242644267,7.799633554171834,591.5986324976167,2.4705810240452344,,25.6785,40.031836,19.344660424022482,20.687175575977584,7.910979482754013,586.4253473849537,2.4520473393030424,,25.411078,39.932225,19.344660424022482,20.587564575977513,7.913046154536839,586.331269525397,2.451708423142953,40.482272,47.567902,19.344660424022482,28.223241575977625,7.7584938387824085,593.5633918594481,2.4775674904843217,134.101957,,136.773875,116.987658,81.730722,73.66543196532444,-8.06529003467557,76.491598,87.052361,77.105762,73.66543196532444,-3.4403300346755827,602.8481297676695,77.348725,73.66543196532444,-3.683293034675626,603.1159422778861,76.52229,73.66543196532444,-2.8568580346755654,602.2047914293037,1711.563444952896,-6739.616489124901
,28.308325166666666,45.3756,2.1024285170101393,43.27317148298996,5.518526928152724,595.3489146545272,2.540617680613047,,25.027749,39.904891,2.1024285170101393,37.802462482989974,5.591287950869119,590.2944938044377,2.522505366067902,,24.662394,39.834999,2.1024285170101393,37.7325704829899,5.59223235822235,590.2301024267007,2.5222733436216873,25.296888,47.420515,2.1024285170101393,45.318086482989955,5.491903226130245,597.2455711032746,2.5473637768104096,132.077337,,134.421053,120.198293,80.979239,75.3530175625276,-5.626221437472611,77.12022,83.659634,70.810861,75.3530175625276,4.542156562527589,255.8225752171074,71.192584,75.3530175625276,4.160433562527612,256.39126181186515,69.942765,75.3530175625276,5.410252562527648,254.5311249480327,1081.3178555114841,158825.39175768787
